<?xml version="1.0" encoding="UTF-8"?>
<connexions_ADSL
xmlns="http://www.iessonferrer.net/Ramon"
xmlns:xsi="http://www.w3.org/2001/XMLSchema-instance"
xsi:schemaLocation="http://www.iessonferrer.net/Ramon Horario.xsd">

    <oferta id="1" nom="Arrakis BT Go">
          <nom_companyia>Arrakis</nom_companyia>
          <velocitat_transferencia unitat="Mbps">
            <pujada>2</pujada>
            <baixada>6</baixada>
          </velocitat_transferencia>
          <preu moneda="Euro">
                <alta gratis="Si" permanencia="No"/>
                <linia>13.97</linia>
                <mensual>36.50</mensual>
                <total_mensual>50.47</total_mensual>
          </preu>
    </oferta>
    <oferta id="2" nom="Arrakis eOficina">
          <nom_companyia>Arrakis</nom_companyia>
          <velocitat_transferencia unitat="Mbps">
            <pujada>4</pujada>
            <baixada>12</baixada>
          </velocitat_transferencia>
          <preu moneda="Euro">
                <alta gratis="Si" permanencia="No"/>
                <linia>13.97</linia> 
                <mensual>59.90</mensual>
                <total_mensual>73.87</total_mensual>
          </preu>
    </oferta>
    <oferta id="3" nom="ADSL 30 Megas + Llamadas gratis con Línea Jazztel ">
          <nom_companyia>Jazztel</nom_companyia>  
          <velocitat_transferencia unitat="Mbps">
            <pujada>5</pujada>
            <baixada>30</baixada>
          </velocitat_transferencia>
          <preu moneda="Euro">
                <alta gratis="Si" permanencia="No"/>
                <linia>0</linia> 
                <promocio fins="2016-01-01">
                <promocio_preu>15.94</promocio_preu>
                </promocio>
                <mensual>19.95</mensual>
                <total_mensual>19.95</total_mensual>  
          </preu>
    </oferta>
    <oferta id="4" nom="Movistar ADSL 10 Mb ">
          <nom_companyia>Movistar</nom_companyia> 
          <velocitat_transferencia unitat="Mbps">
            <pujada>2</pujada>
            <baixada>10</baixada>
          </velocitat_transferencia>
          <preu moneda="Euro">
                <alta gratis="Si" permanencia="Si">
                    <permanencia_alta temps="mesos" quantitat="12"/>
                </alta>
                <linia>13.97</linia> 
                <promocio fins="2016-01-01">
                  <promocio_preu>24.90</promocio_preu>
                </promocio>
                <promocio fins="2016-06-01">
                  <promocio_preu>26.90</promocio_preu>
                </promocio>
                <mensual>29.90</mensual>
                <total_mensual>43.87</total_mensual>    
          </preu>
    </oferta>
    <oferta id="5" nom="Movistar Fibra Óptica 100/10 Mb">
          <nom_companyia>Movistar</nom_companyia>
          <velocitat_transferencia unitat="Mbps">
            <pujada>10</pujada>
            <baixada>100</baixada>
          </velocitat_transferencia>
          <preu moneda="Euro">
                <alta gratis="Si" permanencia="Si">
                    <permanencia_alta temps="mesos" quantitat="12"/>
                </alta>
                <linia>13.97</linia> 
                <promocio>
                <promocio_preu>39.90</promocio_preu>
                </promocio>
                <mensual>39.90</mensual>
                <total_mensual>53.87</total_mensual>    
          </preu>
    </oferta>
        <oferta id="6" nom="ASDL Máxima Velocidad">
          <nom_companyia>Orange </nom_companyia>
          <velocitat_transferencia unitat="Mbps">
            <pujada>0.512</pujada>
            <baixada>6</baixada>
          </velocitat_transferencia>
          <preu moneda="Euro">
                <alta gratis="Si" permanencia="Si">
                    <permanencia_alta temps="mesos" quantitat="18"/>
                </alta>
                <linia>13.97</linia> 
                <promocio fins="2016-01-01">
                <promocio_preu>11.95</promocio_preu>
                </promocio>
                <mensual>15.95</mensual>
                <total_mensual>29.92</total_mensual>
                <extres>Router Wifi</extres>
                <extres>Alta gratis online</extres>    
          </preu>
    </oferta>
</connexions_ADSL>
