<?xml version="1.0" encoding="UTF-8"?>
<Horario
xmlns="http://www.iessonferrer.net/Ramón"
xmlns:xsi="http://www.w3.org/2001/XMLSchema-instance"
xsi:schemaLocation="http://www.iessonferrer.net/Ramón Horario.xsd">
	<!-- Hay 6 sesiones al día -->
	<sesiones>
		<sesion1>
			<inicio>15:10:00</inicio>
			<fin>16:05:00</fin>
		</sesion1>
		<sesion2>
			<inicio>16:10:00</inicio>
			<fin>16:55:00</fin>
		</sesion2>
		<sesion3>
			<inicio>17:00:00</inicio>
			<fin>17:50:00</fin>		
        	</sesion3>
		<sesion4>
			<inicio>17:50:00</inicio>
			<fin>18:15:00</fin>		
        </sesion4>

		<sesion5>
			<inicio>18:15:00</inicio>
			<fin>19:00:00</fin>		
        </sesion5>
		<sesion6>
			<inicio>19:05:00</inicio>
			<fin>19:50:00</fin>		
        </sesion6>
		<sesion7>
			<inicio>20:00:00</inicio>
			<fin>20:50:00</fin>		
        </sesion7>

	</sesiones>
	<semana>
		<Lunes>
			<sesion1>BD</sesion1>
			<sesion2>BD</sesion2>
			<sesion3>LM</sesion3>
			<sesion4>PT</sesion4>
			<sesion5>BD</sesion5>
			<sesion6>LM</sesion6>
			<sesion7>LM</sesion7>
		</Lunes>
		<Martes>
			<sesion1>BD</sesion1>
			<sesion2>BD</sesion2>
			<sesion3>LM</sesion3>
			<sesion4>PT</sesion4>
			<sesion5>BD</sesion5>
			<sesion6>LM</sesion6>
			<sesion7>LM</sesion7>
		</Martes>
		<Miercoles>	
			<sesion1>BD</sesion1>
			<sesion2>BD</sesion2>
			<sesion3>LM</sesion3>
			<sesion4>PT</sesion4>
			<sesion5>BD</sesion5>
			<sesion6>LM</sesion6>
			<sesion7>LM</sesion7>
		</Miercoles>	
		<Jueves>	
			<sesion1>BD</sesion1>
			<sesion2>BD</sesion2>
			<sesion3>LM</sesion3>
			<sesion4>PT</sesion4>
			<sesion5>BD</sesion5>
			<sesion6>LM</sesion6>
			<sesion7>LM</sesion7>
		</Jueves>
		<Viernes>	
			<sesion1>BD</sesion1>
			<sesion2>BD</sesion2>
			<sesion3>LM</sesion3>
			<sesion4>PT</sesion4>
			<sesion5>BD</sesion5>
			<sesion6>LM</sesion6>
			<sesion7>LM</sesion7>
		</Viernes>
	</semana>
</Horario>
